Start	End	Problem1_from	Problem1_to	Problem2_from	Problem2_to	Problem3_from	Problem3_to
A06							
A08							
A10							
B05							
B07							
B09							
C06							
C08							
D03							
D05							
D07							
D09							
E02							
E04							
E06							
E08							
E10							
E12							
F01							
F03							
F05							
F07							
F09							
F11							
G02							
G04							
G06							
G08							
G10							
G12							
H03							
H05							
H07							
H09							
H11							
H13							
I04							
I06							
I08							
I10							
I12							
I14							
J03							
J05							
J07							
J09							
J11							
J13							
K04							
K06							
K08							
K10							
K12							
L05							
L07							
L09							
L11							
L13							
M08							
M10							